   Foreign Key (CondoID) REFERENCES CONDO (CondoID),
   Foreign Key (GuestID) REFERENCES GUEST (GuestID));

CREATE TABLE CLEANING (
   Schedule    smallint Identity(1000,1),
   CondoID     smallint Not Null,
   HKID        char(4)) Not Null,
   DateCleaned Date     Not Null,
   Primary Key (ScheduleID),
   Foreign Key (CondoID) REFERENCES CONDO (CONDOID),
   Foreign Key (HKID)    REFERENCES HOUSEKEEPER (HKID));

 CREATE TABLE FAMILY (
 	GuestID      varchar(4)  Not Null,
 	FName        varchar(15) Not Null,
 	Relationship varchar(10) Not Null,
 	Birthdate    date        Not Null,
 	Primary Key (GuestID, FName),
 	Foreign Key (GuestID) REFERENCES GUEST (GuestID));

 CREATE TABLE RESERVATION (
 	ResID         char(5),
 	GuestID       varchar(4)   Not Null,
 	ActID         varchar(3)   Not Null,
 	GuideID       char(4)      Not Null,
 	RDate         Date         Not Null,
 	NumberInParty tinyint      Not Null,
 	Primary Key (ResID),
    Foreign Key (GuestID) REFERENCES GUEST (GuestID),
    Foreign Key (ActID)   REFERENCES ACTIVITY (ActID),
    Foreign Key (guideID) REFERENCES GUIDE (GuideID));


/* Insert EMPLOYEE records */
insert into EMPLOYEE values ('MC01', 'Mars', default, 'Crystal', '480-555-8997', '3-Jun-13', NULL, 'G');
insert into EMPLOYEE values ('JH01', 'Jackson', 'O', 'Holly', '781-555-3334', '20-Nov-12', NULL, 'H'); 
insert into EMPLOYEE values ('GZ01', 'Gregory', default, 'Zach', '603-555-8765', '4-Nov-12', 'MC01', 'G');
insert into EMPLOYEE values ('AM01', 'Abrams', default, 'Miles', '617-555-6032', '3-Jun-12', 'GZ01', 'G');
insert into EMPLOYEE values ('KS03', 'Kingman', default, 'Sonny', '303-555-4548', '6-Jul-14', 'MC01', 'G');
insert into EMPLOYEE values ('SL01', 'Stevens', default, 'Lori', '802-555-3339', '4-Jun-14', 'MC01', 'G');
insert into EMPLOYEE values ('BR01', 'Boyers', default, 'Rita', '603-555-2134', '4-Mar-12', 'KS03', 'G');
insert into EMPLOYEE values ('DH01', 'Devon', default, 'Harley', '781-555-7767', '8-Jan-12', 'KS03', 'G');
insert into EMPLOYEE values ('KS01', 'Kiley', default, 'Susan', '603-555-1230', '8-Apr-13', 'GZ01', 'G');
insert into EMPLOYEE values ('KS02', 'Kelly', default, 'Sam', '603-555-0003', '10-Jun-13', 'SL01', 'G');
insert into EMPLOYEE values ('MR01', 'Marston', default, 'Ray', '781-555-2323', '14-Sep-13', 'KS01', 'G');
insert into EMPLOYEE values ('RH01', 'Rowan', default, 'Hal', '207-555-9009', '2-May-14', 'SL01', 'G');
insert into EMPLOYEE values ('UG01', 'Unser', default, 'Gayle', '203-555-8534', '1-Jul-14', 'KS01', 'G');
insert into EMPLOYEE values ('AJ01', 'Avery', 'M', 'Janice', '603-555-8694', '10-Jan-13', 'JH01', 'H'); 
insert into EMPLOYEE values ('MC02', 'Morrow', 'Nicholas', 'Abby', '207-555-7009','30-Apr-13', 'JH01', 'H');
insert into EMPLOYEE values ('TM01', 'Travis', default, 'Martee', '203-555-4500','17-Jun-13','MC02', 'H'); 
insert into EMPLOYEE values ('ES01', 'Elliot', default, 'Sarah', '303-555-8454','1-Sep-13', 'AJ01', 'H'); 
insert into EMPLOYEE values ('GB01', 'Gabriel', 'Hunter', 'Billie', '617-555-6144','7-May-15','MC02', 'H'); 
insert into EMPLOYEE values ('HF01', 'Henderson', 'Mary', 'Fran', '603-555-2896','4-Jun-14', 'AJ01', 'H');
insert into EMPLOYEE values ('JP01', 'Jeffreys', 'L', 'Pam', '603-555-8634', '20-Jun-14', 'AJ01', 'H');

/* Insert CONDO records */
insert into CONDO  values (1, 'A', '101', 1030, 2, 1, 775.00);
insert into CONDO  values (2, 'A', '102', 1164, 2, 2, 845.00);
insert into CONDO  values (3, 'A', '103', 845, 1, 1, 650.00);
insert into CONDO  values (4, 'A', '104', 1164, 2, 2, 845.00);
insert into CONDO  values (5, 'A', '105', 1575, 3, 2, 965.00);
insert into CONDO  values (6, 'A', '201', 1030, 2, 1, 775.00);
insert into CONDO  values (7, 'A', '202', 1164, 2, 2, 845.00);
insert into CONDO  values (8, 'A', '203', 845, 1, 1, 650.00);
insert into CONDO  values (9, 'A', '204', 1164, 2, 2, 845.00);
insert into CONDO  values (10, 'A', '205', 1575, 3, 2, 965.00);
insert into CONDO  values (11, 'A', '301', 1030, 2, 1, 775.00);
insert into CONDO  values (12, 'A', '302', 1164, 2, 2, 845.00);
insert into CONDO  values (13, 'A', '303', 845, 1, 1, 650.00);
insert into CONDO  values (14, 'A', '304', 1164, 2, 2, 845.00);
insert into CONDO  values (15, 'A', '305', 1575, 3, 2, 965.00);
insert into CONDO  values (16, 'C', '101', 1020, 2, 1, 775.00);
insert into CONDO  values (17, 'C', '102', 1164, 2, 2, 845.00);
insert into CONDO  values (18, 'C', '103', 845, 1, 1, 650.00);
insert into CONDO  values (19, 'C', '104', 1164, 2, 2, 845.00);
insert into CONDO  values (20, 'C', '105', 1575, 3, 2, 965.00);
insert into CONDO  values (21, 'C', '201', 1030, 2, 1, 775.00);
insert into CONDO  values (22, 'C', '202', 1164, 2, 2, 845.00);
insert into CONDO  values (23, 'C', '203', 845, 1, 1, 650.00);
insert into CONDO  values (24, 'C', '204', 1164, 2, 2, 845.00);
insert into CONDO  values (25, 'C', '205', 1575, 3, 2, 965.00);
insert into CONDO  values (26, 'C', '301', 1030, 2, 1, 775.00);
insert into CONDO  values (27, 'C', '302', 1164, 2, 2, 845.00);
insert into CONDO  values (28, 'C', '303', 845, 1, 1, 650.00);
insert into CONDO  values (29, 'C', '304', 1164, 2, 2, 845.00);
insert into CONDO  values (30, 'C', '305', 1575, 3, 2, 965.00);
insert into CONDO  values (31, 'B', '101', 1030, 2, 1, 775.00);
insert into CONDO  values (32, 'B', '102', 1164, 2, 2, 845.00);
insert into CONDO  values (33, 'B', '103', 845, 1, 1, 650.00);
insert into CONDO  values (34, 'B', '104', 1164, 2, 2, 845.00);
insert into CONDO  values (35, 'B', '105', 1575, 3, 2, 965.00);
insert into CONDO  values (36, 'B', '201', 1030, 2, 1, 775.00);
insert into CONDO  values (37, 'B', '202', 1164, 2, 2, 845.00)
insert into CONDO  values (38, 'B', '203', 845, 1, 1, 650.00);
insert into CONDO  values (39, 'B', '204', 1164, 2, 2, 845.00);
insert into CONDO  values (40, 'B', '2050', 1575, 3, 2, 965.00);

/* insert GUEST records */
insert into GUEST values ('G1', 'Northwood', 'Liam', '2011 Lemon', 'Springfield', 'MA', '413-555-3212', 'Stephanie');
insert into GUEST values ('G2', 'Ocean', 'Kyle', '3847 Brookwood', 'Athens', 'GA', '404-555-9123', 'Alice');
insert into GUEST values ('G3', 'Kastoff', 'Sandra', '123 University', 'Ocean City', 'NJ', '609-555-7677', 'John');
insert into GUEST values ('G4', 'Geoff', 'Bess', '3022 Silver', 'York', 'NY', '585-555-3333', 'Pete');
insert into GUEST values ('G5', 'McLean', 'Adam', '2222 Orange', 'Rome', 'ME', '207-555-5663', 'Judy');
insert into GUEST values ('G6', 'Montana', 'Ben', '1355 Hilmes', 'Denver', 'CO', '303-555-1123', 'Carrie');
insert into GUEST values ('G7', 'Marchand', 'June', '390 W. Chandler Blvd', 'Fairfield', 'CT', '860-555-4464', 'Sam');
insert into GUEST values ('G8', 'Rufalo', 'Sadie', '2044 E. Forest', 'Sommerville', 'MA', '617-555-2233', 'Tom');
insert into GUEST values ('G9', 'Caron', 'Karen', '222 Orange', 'Portland', 'OR', '541-555-3778', 'Brick');
insert into GUEST values ('G10', 'Benson', 'Paul', '310 Stanford', 'Vernon', 'CT', '203-555-5542', 'Bella');
insert into GUEST values ('G11', 'Jones', 'Steve', '200 Folger', 'Flagstaff', 'AZ', '520-555-9890', 'Diane');
insert into GUEST values ('G12', 'Vincent', 'Martha', '455 Holger', 'San Jose', 'CA', '626-555-0907', 'Chandler');
insert into GUEST values ('G13', 'Mura', 'Laura', '30221 Brook', 'Henderson', 'NV', '702-555-2265', 'George');
insert into GUEST values ('G14', 'Chapman', 'Jack', '450 Amberwood', 'Edinboro', 'PA', '814-555-0990', 'Sarah');
insert into GUEST values ('G15', 'Gernowski', 'Mike', '980 Backwoods', 'Bethesda', 'MD', '301-555-3356', 'Janet');
insert into GUEST values ('G16', 'Borak', 'Iris', '300 Newland', 'Manchester', 'NH', '603-555-7777', 'Eddie');
insert into GUEST values ('G17', 'Henderson', 'Ryan', '677 Gain', 'Helena', 'MT', '406-555-0020', 'Elliot');
insert into GUEST values ('G18', 'Barnett', 'Curtis', '566 Grant St.', 'Edmonton', 'AB', '403-555-2232', 'Mary Ann');
insert into GUEST values ('G19', 'Tulsa', 'Tony', '333 Greenway', 'Salt Lake City', 'UT', '801-555-8897', 'Evelyn');
insert into GUEST values ('G20', 'Peterson', 'Brooke', '444 Broadway', 'Yuma', 'AZ', '928-555-4334', 'Greg');
insert into GUEST values ('G21', 'Jeffreys', 'Tim', '105 Milky Way', 'Glendale', 'CA', '909-555-1136', 'Suzanne');
insert into GUEST values ('G22', 'Brown', 'Phil', '600 Southern', 'Grand Junction', 'CO', '720-555-3003', 'Ann');
insert into GUEST values ('G23', 'Thomas', 'Sue', '805 Rural', 'Boise', 'ID', '208-555-8073', 'Bob');

/* insert ACTIVITY records */
insert into ACTIVITY values ('H1', 'Eagle Falls', 4, 15.00, 5, 'Hike');
insert into ACTIVITY values ('H2', 'Vail Mountain', 2, 10.00, 3, 'Hike');
insert into ACTIVITY values ('H3', 'Spruce Saddle Loop', 1, 5.00, 2, 'Hike');
insert into ACTIVITY values ('H4', 'Nottingham Park', 1, 5.00, 1, 'Hike');
insert into ACTIVITY values ('H5', 'Cordillera', 3, 10.00, 4, 'Hike');
insert into ACTIVITY values ('B1', 'Beaver Creek Mountain', 3, 15.00, 6, 'Bike');
insert into ACTIVITY values ('B2', 'Avon', 3, 15.00, 10, 'Bike');
insert into ACTIVITY values ('B3', 'White River National Park', 4, 20.00, 12, 'Bike');
insert into ACTIVITY values ('B4', 'Vail Village', 2, 10.00, 8, 'Bike');
insert into ACTIVITY values ('B5', 'Eagle Valley', 2, 10.00, 9, 'Bike');
insert into ACTIVITY values ('R1', 'Upper Colorado River', 4, 25.00, 15, 'Rafting');
insert into ACTIVITY values ('R2', 'Rancho Del Rio', 3, 10.00, 8, 'Rafting');
insert into ACTIVITY values ('R3', 'White River', 4, 25.00, 12, 'Rafting');
insert into ACTIVITY values ('R4', 'Beaver Creek', 4, 25.00, 16, 'Rafting');
insert into ACTIVITY values ('R5', 'Eagle River', 4, 25.00, 20, 'Rafting');
insert into ACTIVITY values ('R6', 'Upper Gore Creek', 4, 25.00, 12, 'Rafting');
insert into ACTIVITY values ('R7', 'Arkansas River', 6, 30.00, 30, 'Rafting');
insert into ACTIVITY values ('HB1', '4 Eagle Ranch', 4, 30.00, 10, 'Horseback');
insert into ACTIVITY values ('HB2', 'Black Mountain Ranch', 4, 30.00, 12, 'Horseback');
insert into ACTIVITY values ('HB3', 'Triple G Ranch', 3, 20.00, 6, 'Horseback');
insert into ACTIVITY values ('H6', 'Bradbury - North Peak', 4, 15.00, 8, 'Hike');
insert into ACTIVITY values ('B6', 'Bradbury - West Peak', 4, 15.00, 5, 'Bike');
insert into ACTIVITY values ('HB4', 'Cadillac Mountain', 2, 10.00, 4, 'Horseback');
insert into ACTIVITY values ('B7', 'Adams Park Loop', 2, 5.00, 1, 'Bike');
insert into ACTIVITY values ('R8', 'Lower Gore Creek', 4, 25.00, 15, 'Rafting');
insert into ACTIVITY values ('B8', 'Welch Trail Ride', 4, 25.00, 15, 'Bike');
insert into ACTIVITY values ('HB5', 'Westfield River Loop', 6, 30.00, 20, 'Horseback');
insert into ACTIVITY values ('H7', 'McLennan Reserve', 2, 10.00, 6, 'Hike');
insert into ACTIVITY values ('B9', 'Masons Farm', 3, 15.00, 12, 'Bike');
insert into ACTIVITY values ('H8', 'Whitefield', 2, 15.00, 6, 'Hike');

/* insert HOUSEKEEPER records */
insert into HOUSEKEEPER values ('TM01','Shift 1','Perm');
insert into HOUSEKEEPER values ('AJ01','Shift 1','Perm');
insert into HOUSEKEEPER values ('ES01','Shift 1','Perm');
insert into HOUSEKEEPER values ('JP01','Shift 1','Perm');
insert into HOUSEKEEPER values ('JH01','Shift 2','Temp');
insert into HOUSEKEEPER values ('HF01','Shift 2','Temp');
insert into HOUSEKEEPER values ('GB01','Shift 3','Temp');
insert into HOUSEKEEPER values ('MC02','Shift 3','Temp');
insert into HOUSEKEEPER values ('MC03','Shift 4','Temp');

/* insert GUIDE records */
insert into GUIDE values ('AM01', 'Level 2', '12-Aug-18', '12-Aug-21');
insert into GUIDE values ('BR01', 'Level 2', '6-Jun-20', '6-Jun-22');
insert into GUIDE values ('DH01', 'Level 1', '3-Jun-19', '3-Jun-22');
insert into GUIDE values ('GZ01', 'Level 2', '5-Jul-20', '1-Jul-22');
insert into GUIDE values ('KS01', 'Level 1','12-Jul-19', '11-Jul-19');
insert into GUIDE values ('KS02', 'Level 1','5-Aug-19', '5-Aug-21');
insert into GUIDE values ('MR01', 'Level 2', '27-Jun-19', '20-Jun-21');
insert into GUIDE values ('RH01', 'Level 1', '21-Jul-19', '20-Jul-21');
insert into GUIDE values ('SL01', 'Level 3', '18-Aug-18', '10-Aug-21');
insert into GUIDE values ('UG01', 'Level 2', '30-Jul-20', '29-Jul-22');
insert into GUIDE values ('KS03', 'Level 3', '12-May-20', '11-May-22');
insert into GUIDE values ('MC01', 'Level 3', '22-May-19', '22-May-21');
insert into GUIDE values ('SS01', 'Level 3', '22-May-19', '20-May-21');

/* insert BOOKING records */
insert into BOOKING values (1, 'G1', '20-May-20', '27-May-20');
insert into BOOKING values (3, 'G3', '10-Jun-20', '17-Jun-20');
insert into BOOKING values (2, 'G9', '17-Jun-20', '24-Jun-20');
insert into BOOKING values (7, 'G4', '1-Jul-20', '8-Jul-20');
insert into BOOKING values (4, 'G21', '8-Jul-20', '15-Jul-20');
insert into BOOKING values (8, 'G6', '20-May-20', '27-May-20');
insert into BOOKING values (12, 'G1', '1-Jul-20', '8-Jul-20');
insert into BOOKING values (30, 'G7', '27-May-20', '3-Jun-20');
insert into BOOKING values (25, 'G18', '20-May-20', '27-May-20');
insert into BOOKING values (10, 'G2', '27-May-20', '3-Jun-20');
insert into BOOKING values (8, 'G3', '17-Jun-20', '24-Jun-20');
insert into BOOKING values (5, 'G11', '10-Jun-20', '17-Jun-20');
insert into BOOKING values (20, 'G12', '24-Jun-20', '1-Jul-20');
insert into BOOKING values (14, 'G19', '20-May-20', '27-May-20');
insert into BOOKING values (5, 'G14', '24-Jun-20', '1-Jul-20');
insert into BOOKING values (8, 'G6', '8-Jul-20', '15-Jul-20');
insert into BOOKING values (19, 'G17', '3-Jun-20', '10-Jun-20');
insert into BOOKING values (23, 'G16', '1-Jul-20', '8-Jul-20');
insert into BOOKING values (27, 'G20', '3-Jun-20', '10-Jun-20');
insert into BOOKING values (11, 'G22', '10-Jun-20', '17-Jun-20');
insert into BOOKING values (12, 'G4', '17-Jun-20', '24-Jun-20');
insert into BOOKING values (5, 'G11', '8-Jul-20', '15-Jul-20');
insert into BOOKING values (29, 'G15', '24-Jun-20', '1-Jul-20');
insert into BOOKING values (6, 'G9', '3-Jun-20', '10-Jun-20');
insert into BOOKING values (10, 'G2', '1-Jul-20', '8-Jul-20');
insert into BOOKING values (25, 'G23', '8-Jul-20', '15-Jul-20');
insert into BOOKING values (15, 'G14', '10-Jun-20', '17-Jun-20');
insert into BOOKING values (18, 'G10', '17-Jun-20', '24-Jun-20');
insert into BOOKING values (23, 'G16', '8-Jul-20', '15-Jul-20');
insert into BOOKING values (17, 'G8', '24-Jun-20', '1-Jul-20');
insert into BOOKING values (20, 'G12', '22-Jul-20', '29-Jul-20');
insert into BOOKING values (26, 'G3', '1-Jul-20', '8-Jul-20');
insert into BOOKING values (30, 'G18', '20-May-20', '27-May-20');
insert into BOOKING values (28, 'G17', '15-Jul-20', '22-Jul-20');
insert into BOOKING values (4, 'G15', '1-Jul-20', '8-Jul-20');
insert into BOOKING values (27, 'G21', '8-Jul-20', '15-Jul-20');
insert into BOOKING values (18, 'G16', '22-Jul-20', '29-Jul-20');
insert into BOOKING values (2, 'G13', '8-Jul-20', '15-Jul-20');
insert into BOOKING values (8, 'G6', '15-Jul-20', '22-Jul-20');
insert into BOOKING values (6, 'G9', '15-Jul-20', '22-Jul-20');
insert into BOOKING values (24, 'G10', '16-Jun-20', '24-Jun-20');
insert into BOOKING values (7, 'G9', '20-May-20', '27-May-20');
insert into BOOKING values (25, 'G23', '29-Jul-20', '5-Aug-20');
insert into BOOKING values (22, 'G22', '1-Jul-20', '8-Jul-20');
insert into BOOKING values (16, 'G17', '3-Jun-20', '10-Jun-20'); 
insert into BOOKING values (22, 'G13', '15-Jul-20', '22-Jul-20');
insert into BOOKING values (18, 'G22', '1-Jul-20', '8-Jul-20');
insert into BOOKING values (20, 'G12', '12-Aug-20', '19-Aug-20');
insert into BOOKING values (21, 'G21', '5-Aug-20', '12-Aug-20');
insert into BOOKING values (23, 'G17', '20-May-20', '27-May-20'); 
insert into BOOKING values (17, 'G8', '1-Jul-20', '8-Jul-20');
insert into BOOKING values (24, 'G10', '22-Jul-20', '29-Jul-20');
insert into BOOKING values (26, 'G3', '24-Jun-20', '1-Jul-20');
insert into BOOKING values (12, 'G1', '29-Jul-20', '5-Aug-20');
insert into BOOKING values (10, 'G19', '8-Jul-20', '15-Jul-20');
insert into BOOKING values (30, 'G18', '1-Jul-20', '8-Jul-20');
insert into BOOKING values (1, 'G4', '1-Jul-20', '8-Jul-20');
insert into BOOKING values (4, 'G1', '22-Jul-20', '29-Jul-20');
insert into BOOKING values (3, 'G10', '17-Jun-20', '24-Jun-20');
insert into BOOKING values (1, 'G8', '29-Jul-20', '5-Aug-20');
insert into BOOKING values (3, 'G10', '12-Aug-20', '19-Aug-20');
insert into BOOKING values (2, 'G15', '5-Aug-20', '12-Aug-20');
insert into BOOKING values (7, 'G13', '29-Jul-20', '5-Aug-20');
insert into BOOKING values (4, 'G8', '19-Aug-20', '26-Aug-20');
insert into BOOKING values (8, 'G6', '12-Aug-20', '19-Aug-20');
insert into BOOKING values (12, 'G4', '19-Aug-20', '26-Aug-20');
insert into BOOKING values (30, 'G18', '5-Aug-20', '12-Aug-20');
insert into BOOKING values (25, 'G23', '12-Aug-20', '19-Aug-20');
insert into BOOKING values (10, 'G5', '5-Aug-20', '12-Aug-20');
insert into BOOKING values (25, 'G23', '26-Aug-20', '2-Sep-20');
insert into BOOKING values (22, 'G22', '5-Aug-20', '12-Aug-20');
insert into BOOKING values (16, 'G17', '12-Aug-20', '19-Aug-20');
insert into BOOKING values (22, 'G20', '26-Aug-20', '2-Sep-20');
insert into BOOKING values (18, 'G16', '5-Aug-20', '12-Aug-20');
insert into BOOKING values (20, 'G14', '19-Aug-20', '26-Aug-20');
insert into BOOKING values (21, 'G19', '26-Aug-20', '2-Sep-20');
insert into BOOKING values (23, 'G16', '29-Jul-20', '5-Aug-20');
insert into BOOKING values (4, 'G8', '26-Aug-20', '2-Sep-20');
insert into BOOKING values (27, 'G20', '12-Aug-20', '19-Aug-20');
insert into BOOKING values (18, 'G22', '26-Aug-20', '2-Sep-20');
insert into BOOKING values (2, 'G21', '29-Jul-20', '5-Aug-20');
insert into BOOKING values (8, 'G10', '19-Aug-20', '26-Aug-20');
insert into BOOKING values (6, 'G9', '5-Aug-20', '12-Aug-20');
insert into BOOKING values (24, 'G10', '26-Aug-20', '2-Sep-20');
insert into BOOKING values (7, 'G13', '12-Aug-20', '19-Aug-20');
insert into BOOKING values (1, 'G1', '18-May-21', '25-May-21');
insert into BOOKING values (3, 'G3', '8-Jun-21', '15-Jun-21');
insert into BOOKING values (2, 'G9', '15-Jun-21', '22-Jun-21');
insert into BOOKING values (7, 'G4', '29-Jun-21', '6-Jul-21');
insert into BOOKING values (4, 'G21','6-Jul-21', '13-Jul-21');
insert into BOOKING values (8, 'G6', '18-May-21', '25-May-21');
insert into BOOKING values (12, 'G1','29-Jun-21', '6-Jul-21');
insert into BOOKING values (30, 'G7', '25-May-21', '1-Jun-21');
insert into BOOKING values (25, 'G18', '18-May-21', '25-May-21');
insert into BOOKING values (10, 'G2', '25-May-21', '1-Jun-21');
insert into BOOKING values (8, 'G3', '15-Jun-21', '22-Jun-21');
insert into BOOKING values (5, 'G11', '8-Jun-21', '15-Jun-21');
insert into BOOKING values (20, 'G12', '22-Jun-21', '29-Jun-21');
insert into BOOKING values (14, 'G19', '18-May-21', '25-May-21');
insert into BOOKING values (5, 'G14', '22-Jun-21', '29-Jun-21');
insert into BOOKING values (8, 'G6', '6-Jul-21', '13-Jul-21');
insert into BOOKING values (19, 'G17', '1-Jun-21', '8-Jun-21');
insert into BOOKING values (23, 'G16', '29-Jun-21', '6-Jul-21');
insert into BOOKING values (27, 'G20', '1-Jun-21', '8-Jun-21');
insert into BOOKING values (11, 'G22', '8-Jun-21', '15-Jun-21');
insert into BOOKING values (12, 'G4', '15-Jun-21', '22-Jun-21');
insert into BOOKING values (5, 'G11', '6-Jul-21', '13-Jul-21');
insert into BOOKING values (29, 'G15', '22-Jun-21', '29-Jun-21');
insert into BOOKING values (6, 'G9', '1-Jun-21', '8-Jun-21');
insert into BOOKING values (10, 'G2', '29-Jun-21', '6-Jul-21');
insert into BOOKING values (25, 'G23', '6-Jul-21', '13-Jul-21');
insert into BOOKING values (15, 'G14', '8-Jun-21', '15-Jun-21');
insert into BOOKING values (18, 'G10', '15-Jun-21', '22-Jun-21');
insert into BOOKING values (23, 'G16', '6-Jul-21', '13-Jul-21');
insert into BOOKING values (17, 'G8', '22-Jun-21', '29-Jun-21');
insert into BOOKING values (20, 'G12', '20-Jul-21', '27-Jul-21');
insert into BOOKING values (26, 'G3', '29-Jun-21', '6-Jul-21');
insert into BOOKING values (30, 'G18', '18-May-21', '25-May-21');
insert into BOOKING values (28, 'G17', '13-Jul-21', '20-Jul-21');
insert into BOOKING values (4, 'G15', '29-Jun-21', '6-Jul-21');
insert into BOOKING values (27, 'G21', '6-Jul-21', '13-Jul-21');
insert into BOOKING values (18, 'G16', '20-Jul-21', '27-Jul-21');
insert into BOOKING values (2, 'G13', '6-Jul-21', '13-Jul-21');
insert into BOOKING values (8, 'G6', '13-Jul-21', '20-Jul-21');
insert into BOOKING values (6, 'G9', '13-Jul-21', '20-Jul-21');
insert into BOOKING values (24, 'G10', '15-Jun-21', '22-Jun-21');
insert into BOOKING values (7, 'G9', '18-May-21', '25-May-21');
insert into BOOKING values (25, 'G23', '27-Jul-21', '3-Aug-21');
insert into BOOKING values (22, 'G22', '29-Jun-21', '6-Jul-21');
insert into BOOKING values (16, 'G17', '1-Jun-21', '8-Jun-21'); 
insert into BOOKING values (22, 'G13', '13-Jul-21', '20-Jul-21');
insert into BOOKING values (18, 'G22', '29-Jun-21', '6-Jul-21');
insert into BOOKING values (20, 'G12', '10-Aug-21', '17-Aug-21');
insert into BOOKING values (21, 'G21', '3-Aug-21', '10-Aug-21');
insert into BOOKING values (23, 'G17', '18-May-21', '25-May-21'); 
insert into BOOKING values (17, 'G8', '29-Jun-21', '6-Jul-21');
insert into BOOKING values (24, 'G10', '20-Jul-21', '27-Jul-21');
insert into BOOKING values (26, 'G3', '22-Jun-21', '29-Jun-21');
insert into BOOKING values (12, 'G1', '27-Jul-21', '3-Aug-21');
insert into BOOKING values (10, 'G19', '6-Jul-21', '13-Jul-21');
insert into BOOKING values (30, 'G18', '29-Jun-21', '6-Jul-21');
insert into BOOKING values (1, 'G4', '29-Jun-21', '6-Jul-21');
insert into BOOKING values (4, 'G1', '20-Jul-21', '27-Jul-21');
insert into BOOKING values (3, 'G10', '15-Jun-21', '22-Jun-21');
insert into BOOKING values (1, 'G8', '27-Jul-21', '3-Aug-21');
insert into BOOKING values (3, 'G10', '10-Aug-21', '17-Aug-21');
insert into BOOKING values (2, 'G15', '3-Aug-21', '10-Aug-21');
insert into BOOKING values (7, 'G13', '27-Jul-21', '3-Aug-21');
insert into BOOKING values (4, 'G8', '17-Aug-21', '24-Aug-21');
insert into BOOKING values (8, 'G6', '10-Aug-21', '17-Aug-21');
insert into BOOKING values (12, 'G4', '17-Aug-21', '24-Aug-21');
insert into BOOKING values (30, 'G18', '3-Aug-21', '10-Aug-21');
insert into BOOKING values (25, 'G23', '10-Aug-21', '17-Aug-21');
insert into BOOKING values (10, 'G5', '3-Aug-21', '10-Aug-21');
insert into BOOKING values (25, 'G23', '24-Aug-21', '31-Aug-21');
insert into BOOKING values (22, 'G22', '3-Aug-21', '10-Aug-21');
insert into BOOKING values (16, 'G17', '10-Aug-21', '17-Aug-21');
insert into BOOKING values (22, 'G20', '24-Aug-21', '31-Aug-21');
insert into BOOKING values (18, 'G16', '3-Aug-21', '10-Aug-21');
insert into BOOKING values (20, 'G14', '17-Aug-21', '24-Aug-21');
insert into BOOKING values (21, 'G19', '24-Aug-21', '31-Aug-21');
insert into BOOKING values (23, 'G16', '27-Jul-21', '3-Aug-21');
insert into BOOKING values (4, 'G8', '24-Aug-21', '31-Aug-21');
insert into BOOKING values (27, 'G20', '10-Aug-21', '17-Aug-21');
insert into BOOKING values (18, 'G22', '24-Aug-21', '31-Aug-21');
insert into BOOKING values (2, 'G21', '27-Jul-20', '3-Aug-20');
insert into BOOKING values (8, 'G10', '17-Aug-20', '24-Aug-20');
insert into BOOKING values (6, 'G9', '3-Aug-20', '10-Aug-20');
insert into BOOKING values (24, 'G10', '24-Aug-20', '31-Aug-20');
insert into BOOKING values (7, 'G13', '10-Aug-20', '17-Aug-20');

/* insert FAMILY records */
insert into FAMILY values ('G1', 'Loni', 'daughter', '15-Aug-12');
insert into FAMILY values ('G1', 'Lisa', 'daughter', '10-Jul-10');
insert into FAMILY values ('G2', 'Tony', 'son', '2-Feb-11');
insert into FAMILY values ('G2', 'Mia', 'daughter', '8-May-09');
insert into FAMILY values ('G2', 'Billy', 'son', '30-Jan-07');
insert into FAMILY values ('G3', 'Abby', 'daughter', '3-May-08');
insert into FAMILY values ('G4', 'Tim', 'son', '10-Nov-10');
insert into FAMILY values ('G4', 'Jarod', 'son', '10-Nov-10');
insert into FAMILY values ('G5', 'Julie', 'daughter', '9-Jul-04');
insert into FAMILY values ('G5', 'Helen', 'daughter', '14-Jun-06');
insert into FAMILY values ('G5', 'Casey', 'son', '5-Dec-11');
insert into FAMILY values ('G6', 'Jim', 'son', '17-Mar-05');
insert into FAMILY values ('G7', 'Jenny', 'daughter', '7-Aug-03');
insert into FAMILY values ('G7', 'Zoe', 'daughter', '18-Sep-05');
insert into FAMILY values ('G7', 'Brittany', 'daughter', '18-Sep-05');
insert into FAMILY values ('G7', 'Dan', 'son', '9-Mar-08');
insert into FAMILY values ('G8', 'Frankie', 'son', '10-Jan-08');
insert into FAMILY values ('G8', 'Hailey', 'daughter', '25-Apr-06');
insert into FAMILY values ('G9', 'Harry', 'son', '30-Jul-11');
insert into FAMILY values ('G9', 'Randy', 'son', '27-Mar-09');
insert into FAMILY values ('G10', 'Kenny', 'son', '24-Nov-04');
insert into FAMILY values ('G11', 'Lucy', 'daughter', '11-Nov-05');
insert into FAMILY values ('G11', 'Louie', 'son', '31-Oct-07');
insert into FAMILY values ('G11', 'Matt', 'son', '23-Aug-10');
insert into FAMILY values ('G12', 'Nora', 'daughter', '16-Oct-02');
insert into FAMILY values ('G12', 'Amy', 'daughter', '19-Apr-04');
insert into FAMILY values ('G12', 'Logan', 'son', '7-Jun-06');
insert into FAMILY values ('G12', 'Noah', 'son', '4-Oct-08');
insert into FAMILY values ('G12', 'Carter', 'son', '2-Feb-02');
insert into FAMILY values ('G13', 'Tammy', 'daughter', '14-Sep-05');
insert into FAMILY values ('G13', 'Randi', 'daughter', '10-Mar-07');
insert into FAMILY values ('G14', 'Tyler', 'son', '2-Aug-02');
insert into FAMILY values ('G14', 'Dani', 'daughter', '14-Jun-05');
insert into FAMILY values ('G14', 'Miles', 'son', '21-Apr-06');
insert into FAMILY values ('G15', 'Brody', 'son', '18-Feb-08');
insert into FAMILY values ('G15', 'Ian', 'son', '7-Oct-06');
insert into FAMILY values ('G16', 'Emily', 'daughter', '24-Dec-02');
insert into FAMILY values ('G17', 'Riley', 'daughter', '3-Nov-05');
insert into FAMILY values ('G18', 'Nate', 'son', '16-May-07');
insert into FAMILY values ('G18', 'Cooper', 'son', '14-Aug-05');
insert into FAMILY values ('G18', 'Chloe', 'daughter', '1-Feb-03');
insert into FAMILY values ('G18','Zach', 'son', '26-May-02');
insert into FAMILY values ('G19', 'Lori', 'daughter', '19-Jul-03');
insert into FAMILY values ('G19', 'Joe', 'son', '11-Jan-06');
insert into FAMILY values ('G19', 'David', 'son', '30-Mar-09');
insert into FAMILY values ('G20', 'Madison', 'daughter', '19-Apr-05');
insert into FAMILY values ('G20', 'Judy', 'daughter', '9-Jul-08');
insert into FAMILY values ('G20', 'Max', 'son', '26-Jun-10');
insert into FAMILY values ('G21', 'Sara', 'daughter', '3-May-02');
insert into FAMILY values ('G21', 'Grayson', 'son', '25-Jan-04');
insert into FAMILY values ('G22', 'Andy', 'son', '22-Feb-11');
insert into FAMILY values ('G23', 'Avery', 'daughter', '15-Jul-04');
insert into FAMILY values ('G23', 'Vicky', 'daughter', '22-May-05');
insert into FAMILY values ('G23', 'Mackenzie', 'daughter', '3-Aug-08');
insert into FAMILY values ('G23', 'Jake', 'son', '15-Sep-11');

/* insert RESERVATION records */
insert into RESERVATION values ('14001', 'G1', 'H1', 'AM01', '23-May-20', 4);
insert into RESERVATION values ('14002', 'G1', 'R2', 'MC01', '27-Jul-20', 4);
insert into RESERVATION values ('14003', 'G2', 'B3', 'RH01', '30-May-20', 5);
insert into RESERVATION values ('14004', 'G2', 'R8', 'BR01', '2-Jul-20', 5);
insert into RESERVATION values ('14005', 'G4', 'R8', 'BR01', '2-Jul-20', 4);
insert into RESERVATION values ('14006', 'G5', 'HB2', 'MR01', '10-Aug-20', 5);
insert into RESERVATION values ('14007', 'G6', 'B9', 'UG01', '13-Jul-20', 3);
insert into RESERVATION values ('14008', 'G6', 'R5', 'DH01', '15-Aug-20', 3);
insert into RESERVATION values ('14009', 'G7', 'H3', 'DH01', '27-May-20', 6);
insert into RESERVATION values ('14010', 'G21', 'H7', 'RH01', '13-Jul-20', 4);
insert into RESERVATION values ('14011', 'G18', 'HB5', 'KS02', '21-May-20', 6);
insert into RESERVATION values ('14012', 'G11', 'H3', 'DH01', '12-Jun-20', 5);
insert into RESERVATION values ('14013', 'G19', 'H1', 'AM01', '23-May-20', 5);
insert into RESERVATION values ('14014', 'G14', 'R1', 'KS03', '27-Jun-20', 5);
insert into RESERVATION values ('14015', 'G17', 'HB5', 'KS02', '16-Jul-20', 3);
insert into RESERVATION values ('14016', 'G16', 'R8', 'BR01', '2-Jul-20', 3);
insert into RESERVATION values ('14017', 'G20', 'HB3', 'RH01', '2-Jun-20', 5);
insert into RESERVATION values ('14018', 'G22', 'R2', 'MC01', '16-Jun-20', 3);
insert into RESERVATION values ('14019', 'G4', 'B8', 'GZ01', '23-Jun-20', 4);
insert into RESERVATION values ('14021', 'G23', 'H4', 'GZ01', '09-Jul-20', 6);
insert into RESERVATION values ('14022', 'G14', 'B4', 'SL01', '12-Jun-20', 5);
insert into RESERVATION values ('14023', 'G10', 'R6', 'GZ01', '21-Jun-20', 3);
insert into RESERVATION values ('14024', 'G16', 'B2', 'MR01', '11-Jul-20', 3);
insert into RESERVATION values ('14025', 'G8', 'H3', 'DH01', '25-Jun-20', 4);
insert into RESERVATION values ('14026', 'G12', 'HB1', 'KS02', '28-Jul-20', 7);
insert into RESERVATION values ('14027', 'G18', 'R1', 'KS03', '20-May-20', 6);
insert into RESERVATION values ('14028', 'G17', 'R1', 'KS03', '19-Jul-20', 3);
insert into RESERVATION values ('14029', 'G15', 'R7', 'KS01', '7-Jul-20', 4);
insert into RESERVATION values ('14030', 'G21', 'B5', 'UG01', '14-Jul-20', 4);
insert into RESERVATION values ('14031', 'G13', 'HB5', 'KS02', '21-Jul-20', 4);
insert into RESERVATION values ('14032', 'G22', 'B6', 'UG01', '8-Aug-20', 3);
insert into RESERVATION values ('14033', 'G1', 'HB1', 'KS02', '23-Jul-20', 4);
insert into RESERVATION values ('14034', 'G19', 'B4', 'SL01', '14-Jul-20', 5);
insert into RESERVATION values ('14035', 'G18', 'B6', 'UG01', '1-Jul-20', 6);
insert into RESERVATION values ('14036', 'G10', 'R6', 'GZ01', '16-Aug-20', 3);
insert into RESERVATION values ('14037', 'G15', 'H4', 'GZ01', '09-Aug-20', 4);
insert into RESERVATION values ('14038', 'G13', 'B2', 'MR01', '31-Jul-20', 4);
insert into RESERVATION values ('14039', 'G8', 'HB1', 'KS02', '24-Aug-20', 4);
insert into RESERVATION values ('14040', 'G6', 'R5', 'DH01', '18-Aug-20', 3);
insert into RESERVATION values ('14041', 'G18', 'R8', 'BR01', '10-Aug-20', 6);
insert into RESERVATION values ('14042', 'G5', 'R8', 'BR01', '10-Aug-20', 5);
insert into RESERVATION values ('14043', 'G23', 'HB4', 'KS03', '28-Aug-20', 6);
insert into RESERVATION values ('14044', 'G16', 'B9', 'UG01', '8-Aug-20', 3);
insert into RESERVATION values ('14045', 'G14', 'H7', 'RH01', '20-Aug-20', 5);
insert into RESERVATION values ('14046', 'G19', 'R3', 'AM01', '28-Aug-20', 5);
insert into RESERVATION values ('14047', 'G22', 'R3', 'AM01', '28-Aug-20', 3);
insert into RESERVATION values ('14048', 'G21', 'B4', 'SL01', '2-Aug-20', 4);
insert into RESERVATION values ('14049', 'G10', 'H3', 'DH01', '20-Aug-20', 3);
insert into RESERVATION values ('14050', 'G13', 'H8', 'MC01', '16-Aug-20', 4);
insert into RESERVATION values ('16001', 'G1', 'H1', 'AM01', '21-May-21', 4);
insert into RESERVATION values ('16002', 'G1', 'R2', 'MC01', '25-Jul-21', 4);
insert into RESERVATION values ('16003', 'G2', 'B3', 'RH01', '28-May-21', 5);
insert into RESERVATION values ('16004', 'G2', 'R8', 'BR01', '2-Jul-21', 5);
insert into RESERVATION values ('16005', 'G4', 'R8', 'BR01', '2-Jul-21', 4);
insert into RESERVATION values ('16006', 'G5', 'HB2', 'MR01', '8-Aug-21', 5);
insert into RESERVATION values ('16007', 'G6', 'B9', 'UG01', '11-Jul-21', 3);
insert into RESERVATION values ('16008', 'G6', 'R5', 'DH01', '13-Aug-21', 3);
insert into RESERVATION values ('16009', 'G7', 'H3', 'DH01', '27-May-21', 6);
insert into RESERVATION values ('16010', 'G21', 'H7', 'RH01', '11-Jul-21', 4);
insert into RESERVATION values ('16011', 'G18', 'HB5', 'KS02', '19-May-21', 6);
insert into RESERVATION values ('16012', 'G11', 'H3', 'DH01', '10-Jun-21', 5);
insert into RESERVATION values ('16013', 'G19', 'H1', 'AM01', '21-May-21', 5);
insert into RESERVATION values ('16014', 'G14', 'R1', 'KS03', '25-Jun-21', 5);
insert into RESERVATION values ('16015', 'G17', 'HB5', 'KS02', '14-Jul-21', 3);
insert into RESERVATION values ('16016', 'G16', 'R8', 'BR01', '2-Jul-21', 3);
insert into RESERVATION values ('16017', 'G20', 'HB3', 'RH01', '2-Jun-21', 5);
insert into RESERVATION values ('16018', 'G22', 'R2', 'MC01', '14-Jun-21', 3);
insert into RESERVATION values ('16019', 'G4', 'B8', 'GZ01', '21-Jun-21', 4);
insert into RESERVATION values ('16021', 'G23', 'H4', 'GZ01', '07-Jul-21', 6);
insert into RESERVATION values ('16022', 'G14', 'B4', 'SL01', '10-Jun-21', 5);
insert into RESERVATION values ('16023', 'G10', 'R6', 'GZ01', '19-Jun-21', 3);
insert into RESERVATION values ('16024', 'G16', 'B2', 'MR01', '9-Jul-21', 3);
insert into RESERVATION values ('16025', 'G8', 'H3', 'DH01', '23-Jun-21', 4);
insert into RESERVATION values ('16026', 'G12', 'HB1', 'KS02', '26-Jul-21', 7);
insert into RESERVATION values ('16027', 'G18', 'R1', 'KS03', '19-May-21', 6);
insert into RESERVATION values ('16028', 'G17', 'R1', 'KS03', '17-Jul-21', 3);
insert into RESERVATION values ('16029', 'G15', 'R7', 'KS01', '5-Jul-21', 4);
insert into RESERVATION values ('16030', 'G21', 'B5', 'UG01', '12-Jul-21', 4);
insert into RESERVATION values ('16031', 'G13', 'HB5', 'KS02', '19-Jul-21', 4);
insert into RESERVATION values ('16032', 'G22', 'B6', 'UG01', '6-Aug-21', 3);
insert into RESERVATION values ('16033', 'G1', 'HB1', 'KS02', '21-Jul-21', 4);
insert into RESERVATION values ('16034', 'G19', 'B4', 'SL01', '12-Jul-21', 5);
insert into RESERVATION values ('16035', 'G18', 'B6', 'UG01', '1-Jul-21', 6);
insert into RESERVATION values ('16036', 'G10', 'R6', 'GZ01', '14-Aug-21', 3);
insert into RESERVATION values ('16037', 'G15', 'H4', 'GZ01', '07-Aug-21', 4);
insert into RESERVATION values ('16038', 'G13', 'B2', 'MR01', '29-Jul-21', 4);
insert into RESERVATION values ('16039', 'G8', 'HB1', 'KS02', '22-Aug-21', 4);
insert into RESERVATION values ('16040', 'G6', 'R5', 'DH01', '16-Aug-21', 3);
insert into RESERVATION values ('16041', 'G18', 'R8', 'BR01', '8-Aug-21', 6);
insert into RESERVATION values ('16042', 'G5', 'R8', 'BR01', '8-Aug-21', 5);
insert into RESERVATION values ('16043', 'G23', 'HB4', 'KS03', '26-Aug-21', 6);
insert into RESERVATION values ('16044', 'G16', 'B9', 'UG01', '6-Aug-21', 3);
insert into RESERVATION values ('16045', 'G14', 'H7', 'RH01', '18-Aug-21', 5);
insert into RESERVATION values ('16046', 'G19', 'R3', 'AM01', '26-Aug-21', 5);
insert into RESERVATION values ('16047', 'G22', 'R3', 'AM01', '26-Aug-21', 3);
insert into RESERVATION values ('16048', 'G21', 'B4', 'SL01', '2-Aug-21', 4);
insert into RESERVATION values ('16049', 'G10', 'H3', 'DH01', '18-Aug-21', 3);
insert into RESERVATION values ('16050', 'G13', 'H8', 'MC01', '14-Aug-21', 4);

/* insert CLEANING records */
insert into  CLEANING values (10, 'AJ01', '3-Jun-20');
insert into  CLEANING values (26, 'JH01', '8-Jul-20');
insert into  CLEANING values (30, 'MC02', '3-Jun-20');
insert into  CLEANING values (19, 'AJ01', '10-Jun-20');
insert into  CLEANING values (2, 'ES01', '24-Jun-20');
insert into  CLEANING values (23, 'GB01', '8-Jul-20');
insert into  CLEANING values (1, 'HF01', '27-May-20');
insert into  CLEANING values (3, 'JP01', '17-Jun-20');
insert into  CLEANING values (5, 'AJ01', '17-Jun-20');
insert into  CLEANING values (16, 'JH01', '10-Jun-20');
insert into  CLEANING values (25, 'MC02', '27-May-20');
insert into  CLEANING values (7, 'ES01', '8-Jul-20');
insert into  CLEANING values (18, 'GB01', '24-Jun-20');
insert into  CLEANING values (11, 'HF01', '17-Jun-20');
insert into  CLEANING values (8, 'JP01', '27-May-20');
insert into  CLEANING values (5, 'AJ01', '1-Jul-20');
insert into  CLEANING values (21, 'JH01', '12-Aug-20');
insert into  CLEANING values (20, 'MC02', '1-Jul-20');
insert into  CLEANING values (17, 'TM01', '1-Jul-20');
insert into  CLEANING values (4, 'ES01', '15-Jul-20');
insert into  CLEANING values (23, 'GB01', '15-Jul-20');
insert into  CLEANING values (6, 'HF01', '10-Jun-20');
insert into  CLEANING values (12, 'JP01', '8-Jul-20');
insert into  CLEANING values (5, 'AJ01', '15-Jul-20');
insert into  CLEANING values (26, 'JH01', '1-Jul-20');
insert into  CLEANING values (27, 'MC02', '10-Jun-20');
insert into  CLEANING values (24, 'HF01', '24-Jun-20');
insert into  CLEANING values (4, 'ES01', '29-Jul-20');
insert into  CLEANING values (28, 'GB01', '22-Jul-20');
insert into  CLEANING values (6, 'HF01', '22-Jul-20');
insert into  CLEANING values (8, 'JP01', '22-Jul-20');
insert into  CLEANING values (10, 'AJ01', '8-Jul-20');
insert into  CLEANING values (16, 'JH01', '19-Aug-20');
insert into  CLEANING values (25, 'MC02', '15-Jul-20');
insert into  CLEANING values (22, 'TM01', '8-Jul-20');
insert into  CLEANING values (14, 'ES01', '27-May-20');
insert into  CLEANING values (18, 'GB01', '29-Jul-20');
insert into  CLEANING values (1, 'HF01', '8-Jul-20');
insert into  CLEANING values (8, 'JP01', '24-Jun-20');
insert into  CLEANING values (15, 'AJ01', '17-Jun-20');
insert into  CLEANING values (21, 'JH01', '2-Sep-20');
insert into  CLEANING values (20, 'MC02', '29-Jul-20');
insert into  CLEANING values (22, 'TM01', '22-Jul-20');
insert into  CLEANING values (4, 'ES01', '8-Jul-20');
insert into  CLEANING values (18, 'GB01', '8-Jul-20');
insert into  CLEANING values (1, 'HF01', '5-Aug-20');
insert into  CLEANING values (8, 'JP01', '15-Jul-20');
insert into  CLEANING values (10, 'AJ01', '15-Jul-20');
insert into  CLEANING values (30, 'MC02', '27-May-20');
insert into  CLEANING values (17, 'TM01', '8-Jul-20');
insert into  CLEANING values (2, 'ES01', '15-Jul-20');
insert into  CLEANING values (23, 'GB01', '27-May-20');
insert into  CLEANING values (6, 'HF01', '12-Aug-20');
insert into  CLEANING values (12, 'JP01', '24-Jun-20');
insert into  CLEANING values (10, 'AJ01', '12-Aug-20');
insert into  CLEANING values (27, 'MC02', '15-Jul-20');
insert into  CLEANING values (24, 'TM01', '29-Jul-20');
insert into  CLEANING values (7, 'ES01', '27-May-20');
insert into  CLEANING values (18, 'GB01', '12-Aug-20');
insert into  CLEANING values (12, 'JP01', '5-Aug-20');
insert into  CLEANING values (25, 'MC02', '5-Aug-20');
insert into  CLEANING values (20, 'MC02', '19-Aug-20');
insert into  CLEANING values (22, 'TM01', '12-Aug-20');
insert into  CLEANING values (2, 'ES01', '12-Aug-20');
insert into  CLEANING values (23, 'GB01', '5-Aug-20');
insert into  CLEANING values (3, 'JP01', '24-Jun-20');
insert into  CLEANING values (30, 'MC02', '8-Jul-20');
insert into  CLEANING values (3, 'JP01', '19-Aug-20');
insert into  CLEANING values (7, 'ES01', '5-Aug-20');
insert into  CLEANING values (30, 'MC02', '12-Aug-20');
insert into  CLEANING values (4, 'ES01', '26-Aug-20');
insert into  CLEANING values (8, 'JP01', '19-Aug-20');
insert into  CLEANING values (12, 'JP01', '26-Aug-20');
insert into  CLEANING values (25, 'MC02', '19-Aug-20');
insert into  CLEANING values (22, 'TM01', '2-Sep-20');
insert into  CLEANING values (4, 'ES01', '2-Sep-20');
insert into  CLEANING values (18, 'GB01', '2-Sep-20');
insert into  CLEANING values (7, 'ES01', '19-Aug-20');
insert into  CLEANING values (8, 'JP01', '26-Aug-20');
insert into  CLEANING values (25, 'MC02', '2-Sep-20');
insert into  CLEANING values (24, 'TM01', '2-Sep-20');
insert into  CLEANING values (2, 'ES01', '5-Aug-20');
insert into  CLEANING values (20, 'MC02', '26-Aug-20');
insert into  CLEANING values (27, 'MC02', '19-Aug-20');
insert into  CLEANING values (10, 'AJ01', '1-Jun-21');
insert into  CLEANING values (26, 'JH01', '6-Jul-21');
insert into  CLEANING values (30, 'MC02', '1-Jun-21');
insert into  CLEANING values (19, 'AJ01', '8-Jun-21');
insert into  CLEANING values (2, 'ES01', '22-Jun-21');
insert into  CLEANING values (23, 'GB01', '6-Jul-21');
insert into  CLEANING values (1, 'HF01', '25-May-21');
insert into  CLEANING values (3, 'JP01', '15-Jun-21');
insert into  CLEANING values (5, 'AJ01', '15-Jun-21');
insert into  CLEANING values (16, 'JH01', '8-Jun-21');
insert into  CLEANING values (25, 'MC02', '25-May-21');
insert into  CLEANING values (29, 'JH01', '29-Jun-21');
insert into  CLEANING values (7, 'ES01', '6-Jul-21');
insert into  CLEANING values (18, 'GB01', '22-Jun-21');
insert into  CLEANING values (11, 'HF01', '15-Jun-21');
insert into  CLEANING values (8, 'JP01', '25-May-21');
insert into  CLEANING values (5, 'AJ01', '29-Jun-21');
insert into  CLEANING values (21, 'JH01', '10-Aug-21');
insert into  CLEANING values (20, 'MC02', '29-Jun-21');
insert into  CLEANING values (17, 'TM01', '29-Jun-21');
insert into  CLEANING values (4, 'ES01', '13-Jul-21');
insert into  CLEANING values (23, 'GB01', '13-Jul-21');
insert into  CLEANING values (6, 'HF01', '8-Jun-21');
insert into  CLEANING values (12, 'JP01', '6-Jul-21');
insert into  CLEANING values (5, 'AJ01', '13-Jul-21');
insert into  CLEANING values (26, 'JH01', '29-Jun-21');
insert into  CLEANING values (27, 'MC02', '8-Jun-21');
insert into  CLEANING values (24, 'HF01', '22-Jun-21');
insert into  CLEANING values (4, 'ES01', '27-Jul-21');
insert into  CLEANING values (28, 'GB01', '20-Jul-21');
insert into  CLEANING values (6, 'HF01', '20-Jul-21');
insert into  CLEANING values (8, 'JP01', '20-Jul-21');
insert into  CLEANING values (10, 'AJ01', '6-Jul-21');
insert into  CLEANING values (16, 'JH01', '17-Aug-21');
insert into  CLEANING values (25, 'MC02', '13-Jul-21');
insert into  CLEANING values (22, 'TM01', '6-Jul-21');
insert into  CLEANING values (14, 'ES01', '25-May-21');
insert into  CLEANING values (18, 'GB01', '27-Jul-21');
insert into  CLEANING values (1, 'HF01', '6-Jul-21');
insert into  CLEANING values (8, 'JP01', '22-Jun-21');
insert into  CLEANING values (15, 'AJ01', '15-Jun-21');
insert into  CLEANING values (21, 'JH01', '31-Aug-21');
insert into  CLEANING values (20, 'MC02', '27-Jul-21');
insert into  CLEANING values (22, 'TM01', '20-Jul-21');
insert into  CLEANING values (4, 'ES01', '6-Jul-21');
insert into  CLEANING values (18, 'GB01', '6-Jul-21');
insert into  CLEANING values (1, 'HF01', '3-Aug-21');
insert into  CLEANING values (8, 'JP01', '13-Jul-21');
insert into  CLEANING values (10, 'AJ01', '13-Jul-21');
insert into  CLEANING values (30, 'MC02', '25-May-21');
insert into  CLEANING values (17, 'TM01', '6-Jul-21');
insert into  CLEANING values (2, 'ES01', '13-Jul-21');
insert into  CLEANING values (23, 'GB01', '25-May-21');
insert into  CLEANING values (6, 'HF01', '10-Aug-21');
insert into  CLEANING values (12, 'JP01', '22-Jun-21');
insert into  CLEANING values (10, 'AJ01', '10-Aug-21');
insert into  CLEANING values (27, 'MC02', '13-Jul-21');
insert into  CLEANING values (24, 'TM01', '27-Jul-21');
insert into  CLEANING values (7, 'ES01', '25-May-21');
insert into  CLEANING values (18, 'GB01', '10-Aug-21');
insert into  CLEANING values (12, 'JP01', '3-Aug-21');
insert into  CLEANING values (25, 'MC02', '3-Aug-21');
insert into  CLEANING values (20, 'MC02', '17-Aug-21');
insert into  CLEANING values (22, 'TM01', '10-Aug-21');
insert into  CLEANING values (2, 'ES01', '10-Aug-21');
insert into  CLEANING values (23, 'GB01', '3-Aug-21');
insert into  CLEANING values (3, 'JP01', '22-Jun-21');
insert into  CLEANING values (30, 'MC02', '6-Jul-21');
insert into  CLEANING values (3, 'JP01', '17-Aug-21');
insert into  CLEANING values (7, 'ES01', '3-Aug-21');
insert into  CLEANING values (30, 'MC02', '10-Aug-21');
insert into  CLEANING values (4, 'ES01', '24-Aug-21');
insert into  CLEANING values (8, 'JP01', '17-Aug-21');
insert into  CLEANING values (12, 'JP01', '24-Aug-21');
insert into  CLEANING values (25, 'MC02', '17-Aug-21');
insert into  CLEANING values (22, 'TM01', '31-Aug-21');
insert into  CLEANING values (4, 'ES01', '31-Aug-21');
insert into  CLEANING values (18, 'GB01', '31-Aug-21');
insert into  CLEANING values (7, 'ES01', '17-Aug-21');
insert into  CLEANING values (8, 'JP01', '24-Aug-21');
insert into  CLEANING values (25, 'MC02', '31-Aug-21');
insert into  CLEANING values (24, 'TM01', '31-Aug-21');
insert into  CLEANING values (2, 'ES01', '3-Aug-21');
insert into  CLEANING values (20, 'MC02', '24-Aug-21');
insert into  CLEANING values (27, 'MC02', '17-Aug-21');



